{
  "components": {
    "schemas": {
      "Token_200_Response": {
        "description": "(Default) Description for response code 200",
        "properties": {
          "access_token": {
            "example": "[_REDACTED]",
            "type": "string"
          },
          "expires_in": {
            "example": "86400",
            "type": "integer"
          },
          "id_token": {
            "example": "[_REDACTED]",
            "type": "string"
          },
          "refresh_token": {
            "example": "v1.MS3iFcSGGUQRWV_IjtP3ZDzxDsiQad8ESDhEeKpKCB-tD_uGoPlphBhzqUI3sKmTFcq3BVbIuBSq0z6HDUsUKps",
            "type": "string"
          },
          "scope": {
            "example": "openid profile email offline_access",
            "type": "string"
          },
          "token_type": {
            "example": "Bearer",
            "type": "string"
          }
        },
        "type": "object"
      }
    }
  },
  "info": {
    "title": "OpenAPI specification automatically generated by appsentinels.",
    "version": "v1.0"
  },
  "openapi": "3.0.0",
  "paths": {
    "/oauth/token": {
      "post": {
        "description": "Description: details for /oauth/token",
        "parameters": [
          {
            "description": "accept",
            "in": "header",
            "name": "accept",
            "required": true,
            "schema": {
              "type": "string"
            }
          },
          {
            "description": "accept-encoding",
            "in": "header",
            "name": "accept-encoding",
            "required": true,
            "schema": {
              "type": "string"
            }
          },
          {
            "description": "Auth0-Client",
            "in": "header",
            "name": "Auth0-Client",
            "required": true,
            "schema": {
              "type": "string"
            }
          },
          {
            "description": "content-length",
            "in": "header",
            "name": "content-length",
            "required": true,
            "schema": {
              "type": "integer"
            }
          },
          {
            "description": "content-type",
            "in": "header",
            "name": "content-type",
            "required": true,
            "schema": {
              "type": "string"
            }
          },
          {
            "description": "host",
            "in": "header",
            "name": "host",
            "required": true,
            "schema": {
              "type": "string"
            }
          },
          {
            "description": "origin",
            "in": "header",
            "name": "origin",
            "required": true,
            "schema": {
              "type": "string"
            }
          },
          {
            "description": "Referer",
            "in": "header",
            "name": "Referer",
            "required": true,
            "schema": {
              "type": "string"
            }
          },
          {
            "description": "Sec-Fetch-Dest",
            "in": "header",
            "name": "Sec-Fetch-Dest",
            "required": true,
            "schema": {
              "type": "string"
            }
          },
          {
            "description": "Sec-Fetch-Mode",
            "in": "header",
            "name": "Sec-Fetch-Mode",
            "required": true,
            "schema": {
              "type": "string"
            }
          },
          {
            "description": "Sec-Fetch-Site",
            "in": "header",
            "name": "Sec-Fetch-Site",
            "required": true,
            "schema": {
              "type": "string"
            }
          },
          {
            "description": "TE",
            "in": "header",
            "name": "TE",
            "required": true,
            "schema": {
              "type": "string"
            }
          },
          {
            "description": "user-agent",
            "in": "header",
            "name": "user-agent",
            "required": true,
            "schema": {
              "type": "string"
            }
          }
        ],
        "requestBody": {
          "content": {
            "application/json": {
              "schema": {
                "additionalProperties": false,
                "description": "Request body instance",
                "properties": {
                  "client_id": {
                    "example": "aekhjp5Lk0JRkM26oJamGnhtKyzxqVGP",
                    "type": "string"
                  },
                  "code": {
                    "example": "bF_IapB4PVwL4jRabKN8CQGhB-STP7AR1Z9Gey32mF5iP",
                    "type": "string"
                  },
                  "code_verifier": {
                    "example": "DVtRfZ~q.rmmFlV8qs1~mvD0Hox7caHeeTfT2ex6LTe",
                    "type": "string"
                  },
                  "grant_type": {
                    "example": "authorization_code",
                    "type": "string"
                  },
                  "redirect_uri": {
                    "example": "https://cloud.appsentinels.ai/",
                    "type": "string"
                  }
                },
                "required": [
                  "client_id",
                  "code",
                  "code_verifier",
                  "grant_type",
                  "redirect_uri"
                ],
                "type": "object"
              }
            }
          },
          "required": true
        },
        "responses": {
          "200": {
            "content": {
              "application/json": {
                "schema": {
                  "$ref": "#/components/schemas/Token_200_Response"
                }
              }
            },
            "description": "(Default) Description for response code 200"
          }
        }
      }
    },
    "/u/mfa-otp-challenge": {
      "post": {
        "description": "Description: details for /u/mfa-otp-challenge",
        "parameters": [
          {
            "description": "accept",
            "in": "header",
            "name": "accept",
            "required": true,
            "schema": {
              "type": "string"
            }
          },
          {
            "description": "accept-encoding",
            "in": "header",
            "name": "accept-encoding",
            "required": true,
            "schema": {
              "type": "string"
            }
          },
          {
            "description": "Alt-Used",
            "in": "header",
            "name": "Alt-Used",
            "required": true,
            "schema": {
              "type": "string"
            }
          },
          {
            "description": "content-length",
            "in": "header",
            "name": "content-length",
            "required": true,
            "schema": {
              "type": "integer"
            }
          },
          {
            "description": "content-type",
            "in": "header",
            "name": "content-type",
            "required": true,
            "schema": {
              "type": "string"
            }
          },
          {
            "description": "host",
            "in": "header",
            "name": "host",
            "required": true,
            "schema": {
              "type": "string"
            }
          },
          {
            "description": "origin",
            "in": "header",
            "name": "origin",
            "required": true,
            "schema": {
              "type": "string"
            }
          },
          {
            "description": "Referer",
            "in": "header",
            "name": "Referer",
            "required": true,
            "schema": {
              "type": "string"
            }
          },
          {
            "description": "Sec-Fetch-Dest",
            "in": "header",
            "name": "Sec-Fetch-Dest",
            "required": true,
            "schema": {
              "type": "string"
            }
          },
          {
            "description": "Sec-Fetch-Mode",
            "in": "header",
            "name": "Sec-Fetch-Mode",
            "required": true,
            "schema": {
              "type": "string"
            }
          },
          {
            "description": "Sec-Fetch-Site",
            "in": "header",
            "name": "Sec-Fetch-Site",
            "required": true,
            "schema": {
              "type": "string"
            }
          },
          {
            "description": "Sec-Fetch-User",
            "in": "header",
            "name": "Sec-Fetch-User",
            "required": true,
            "schema": {
              "type": "string"
            }
          },
          {
            "description": "TE",
            "in": "header",
            "name": "TE",
            "required": true,
            "schema": {
              "type": "string"
            }
          },
          {
            "description": "Upgrade-Insecure-Requests",
            "in": "header",
            "name": "Upgrade-Insecure-Requests",
            "required": true,
            "schema": {
              "type": "string"
            }
          },
          {
            "description": "user-agent",
            "in": "header",
            "name": "user-agent",
            "required": true,
            "schema": {
              "type": "string"
            }
          }
        ],
        "requestBody": {
          "content": {
            "application/x-www-form-urlencoded": {
              "schema": {
                "additionalProperties": false,
                "description": "Request body instance",
                "properties": {
                  "\"state": {
                    "example": "hKFo2SByQW55TndueVR6ZDF0SXN2VnBhSFVtSUtmdlhpa0xRS6FusG1mYS1hdXRoZW50aWNhdGWjdGlk2SA3aHZBWHo0TkZZanVsdmVhYkN4eGV5dFd4UWlQNzl0a6NjaWTZIGFla2hqcDVMazBKUmtNMjZvSmFtR25odEt5enhxVkdQ",
                    "type": "string"
                  },
                  "action": {
                    "example": "default\"",
                    "type": "string"
                  },
                  "code": {
                    "example": "225882",
                    "type": "integer"
                  },
                  "rememberBrowser": {
                    "example": "True",
                    "type": "boolean"
                  }
                },
                "required": [
                  "action",
                  "code",
                  "rememberBrowser",
                  "\"state"
                ],
                "type": "object"
              }
            }
          },
          "required": true
        },
        "responses": {
          "302": {
            "content": {
              "text/html": {
                "schema": {}
              }
            },
            "description": "(Default) Description for response code 302"
          }
        }
      }
    }
  },
  "servers": [
    {
      "url": "appsentinels-cloud1.us.auth0.com"
    }
  ],
  "tags": []
}