{
  "components": {
    "schemas": {
      "Api-list_200_Response": {
        "description": "(Default) Description for response code 200",
        "properties": {
          "data": {
            "description": "Description for data",
            "properties": {
              "api": {
                "example": "None",
                "items": {
                  "properties": {
                    "apiid": {
                      "example": "21",
                      "type": "integer"
                    },
                    "auth": {
                      "example": "Unauth",
                      "type": "string"
                    },
                    "calls": {
                      "example": "1",
                      "type": "integer"
                    },
                    "client_error": {
                      "example": "0",
                      "type": "integer"
                    },
                    "color": {
                      "example": "#fa984b",
                      "type": "string"
                    },
                    "content_transfer": {
                      "example": "544",
                      "type": "integer"
                    },
                    "description": {
                      "example": "None",
                      "type": "string"
                    },
                    "direction": {
                      "example": "Public",
                      "type": "string"
                    },
                    "endpoint": {
                      "example": "GET /api/feedbacks",
                      "type": "string"
                    },
                    "first_discovered": {
                      "example": "Fri, 17 Mar 2023 05:49:30 GMT",
                      "type": "string"
                    },
                    "last_observed": {
                      "example": "Fri, 17 Mar 2023 05:49:30 GMT",
                      "type": "string"
                    },
                    "meter_score": {
                      "example": "400",
                      "type": "integer"
                    },
                    "method": {
                      "example": "GET",
                      "type": "string"
                    },
                    "new_api": {
                      "example": "Yes",
                      "type": "string"
                    },
                    "p90": {
                      "example": "28.0",
                      "format": "float",
                      "type": "number"
                    },
                    "p95": {
                      "example": "28.0",
                      "format": "float",
                      "type": "number"
                    },
                    "pii": {
                      "example": "4",
                      "type": "integer"
                    },
                    "privilege": {
                      "example": "No",
                      "type": "string"
                    },
                    "risk_score": {
                      "example": "High",
                      "type": "string"
                    },
                    "sensitive": {
                      "example": "No",
                      "type": "string"
                    },
                    "server_error": {
                      "example": "0",
                      "type": "integer"
                    },
                    "service": {
                      "example": "kpmgjuiceshop.appsentinels.ai:8000",
                      "type": "string"
                    },
                    "session": {
                      "example": "No",
                      "type": "string"
                    },
                    "shadow": {
                      "example": "No",
                      "type": "string"
                    },
                    "tags": {
                      "example": "None",
                      "items": {
                        "properties": {}
                      },
                      "type": "array"
                    },
                    "trained_status": {
                      "example": "New",
                      "type": "string"
                    },
                    "type": {
                      "example": "Rest",
                      "type": "string"
                    },
                    "unused_api": {
                      "example": "No",
                      "type": "string"
                    },
                    "uri": {
                      "example": "/api/feedbacks",
                      "type": "string"
                    },
                    "user_defined_tags": {
                      "example": "None",
                      "items": {
                        "properties": {}
                      },
                      "type": "array"
                    }
                  }
                },
                "type": "array"
              },
              "api_limit": {
                "example": "250",
                "type": "integer"
              },
              "is_Exceeding": {
                "example": "False",
                "type": "boolean"
              },
              "pagination": {
                "example": "2",
                "type": "integer"
              },
              "show_option": {
                "example": "False",
                "type": "boolean"
              },
              "total": {
                "example": "19",
                "type": "integer"
              }
            },
            "type": "object"
          }
        },
        "type": "object"
      },
      "Threat-actor-geo-details_200_Response": {
        "description": "(Default) Description for response code 200",
        "properties": {
          "data": {
            "example": "None",
            "items": {
              "properties": {}
            },
            "type": "array"
          }
        },
        "type": "object"
      },
      "Threat-actor-top-apis-targeted_200_Response": {
        "description": "(Default) Description for response code 200",
        "properties": {
          "data": {
            "description": "Description for data",
            "properties": {
              "total": {
                "description": "Description for total",
                "properties": {
                  "title": {
                    "example": "Top APIs Targeted",
                    "type": "string"
                  }
                },
                "type": "object"
              },
              "value": {
                "example": "None",
                "items": {
                  "properties": {}
                },
                "type": "array"
              }
            },
            "type": "object"
          }
        },
        "type": "object"
      },
      "Threat-actor-top-techniques_200_Response": {
        "description": "(Default) Description for response code 200",
        "properties": {
          "data": {
            "description": "Description for data",
            "properties": {
              "total": {
                "description": "Description for total",
                "properties": {
                  "title": {
                    "example": "Top Attack Techniques",
                    "type": "string"
                  }
                },
                "type": "object"
              },
              "value": {
                "example": "None",
                "items": {
                  "properties": {}
                },
                "type": "array"
              }
            },
            "type": "object"
          }
        },
        "type": "object"
      },
      "Threat-actors-trends_200_Response": {
        "description": "(Default) Description for response code 200",
        "properties": {
          "data": {
            "example": "None",
            "items": {
              "properties": {
                "color": {
                  "example": "#ff2366",
                  "type": "string"
                },
                "duration": {
                  "example": "week",
                  "type": "string"
                },
                "name": {
                  "example": "Total",
                  "type": "string"
                },
                "series": {
                  "example": "None",
                  "items": {
                    "properties": {
                      "extra": {
                        "example": "Wed, 15 Mar 2023 00:00:00 GMT",
                        "type": "string"
                      },
                      "name": {
                        "example": "1",
                        "type": "integer"
                      },
                      "value": {
                        "example": "0",
                        "type": "integer"
                      }
                    }
                  },
                  "type": "array"
                },
                "total": {
                  "example": "0",
                  "type": "integer"
                }
              }
            },
            "type": "array"
          }
        },
        "type": "object"
      }
    }
  },
  "info": {
    "title": "OpenAPI specification automatically generated by appsentinels.",
    "version": "v1.0"
  },
  "openapi": "3.0.0",
  "paths": {
    "/api/web/kpmgjs/api-list": {
      "post": {
        "description": "Description: details for /api/web/kpmgjs/api-list",
        "parameters": [
          {
            "description": "accept",
            "in": "header",
            "name": "accept",
            "required": true,
            "schema": {
              "type": "string"
            }
          },
          {
            "description": "accept-encoding",
            "in": "header",
            "name": "accept-encoding",
            "required": true,
            "schema": {
              "type": "string"
            }
          },
          {
            "description": "authorization",
            "in": "header",
            "name": "authorization",
            "required": true,
            "schema": {
              "type": "string"
            }
          },
          {
            "description": "content-length",
            "in": "header",
            "name": "content-length",
            "required": true,
            "schema": {
              "type": "integer"
            }
          },
          {
            "description": "content-type",
            "in": "header",
            "name": "content-type",
            "required": true,
            "schema": {
              "type": "string"
            }
          },
          {
            "description": "host",
            "in": "header",
            "name": "host",
            "required": true,
            "schema": {
              "type": "string"
            }
          },
          {
            "description": "origin",
            "in": "header",
            "name": "origin",
            "required": true,
            "schema": {
              "type": "string"
            }
          },
          {
            "description": "Referer",
            "in": "header",
            "name": "Referer",
            "required": true,
            "schema": {
              "type": "string"
            }
          },
          {
            "description": "Sec-Fetch-Dest",
            "in": "header",
            "name": "Sec-Fetch-Dest",
            "required": true,
            "schema": {
              "type": "string"
            }
          },
          {
            "description": "Sec-Fetch-Mode",
            "in": "header",
            "name": "Sec-Fetch-Mode",
            "required": true,
            "schema": {
              "type": "string"
            }
          },
          {
            "description": "Sec-Fetch-Site",
            "in": "header",
            "name": "Sec-Fetch-Site",
            "required": true,
            "schema": {
              "type": "string"
            }
          },
          {
            "description": "TE",
            "in": "header",
            "name": "TE",
            "required": true,
            "schema": {
              "type": "string"
            }
          },
          {
            "description": "timezone",
            "in": "header",
            "name": "timezone",
            "required": true,
            "schema": {
              "type": "string"
            }
          },
          {
            "description": "user-agent",
            "in": "header",
            "name": "user-agent",
            "required": true,
            "schema": {
              "type": "string"
            }
          }
        ],
        "responses": {
          "200": {
            "content": {
              "application/json": {
                "schema": {
                  "$ref": "#/components/schemas/Api-list_200_Response"
                }
              }
            },
            "description": "(Default) Description for response code 200"
          }
        }
      }
    },
    "/api/web/kpmgjs/threat-actor-geo-details": {
      "get": {
        "description": "Description: details for /api/web/kpmgjs/threat-actor-geo-details",
        "parameters": [
          {
            "description": "accept",
            "in": "header",
            "name": "accept",
            "required": true,
            "schema": {
              "type": "string"
            }
          },
          {
            "description": "accept-encoding",
            "in": "header",
            "name": "accept-encoding",
            "required": true,
            "schema": {
              "type": "string"
            }
          },
          {
            "description": "authorization",
            "in": "header",
            "name": "authorization",
            "required": true,
            "schema": {
              "type": "string"
            }
          },
          {
            "description": "content-length",
            "in": "header",
            "name": "content-length",
            "required": true,
            "schema": {
              "type": "integer"
            }
          },
          {
            "description": "host",
            "in": "header",
            "name": "host",
            "required": true,
            "schema": {
              "type": "string"
            }
          },
          {
            "description": "Referer",
            "in": "header",
            "name": "Referer",
            "required": true,
            "schema": {
              "type": "string"
            }
          },
          {
            "description": "Sec-Fetch-Dest",
            "in": "header",
            "name": "Sec-Fetch-Dest",
            "required": true,
            "schema": {
              "type": "string"
            }
          },
          {
            "description": "Sec-Fetch-Mode",
            "in": "header",
            "name": "Sec-Fetch-Mode",
            "required": true,
            "schema": {
              "type": "string"
            }
          },
          {
            "description": "Sec-Fetch-Site",
            "in": "header",
            "name": "Sec-Fetch-Site",
            "required": true,
            "schema": {
              "type": "string"
            }
          },
          {
            "description": "TE",
            "in": "header",
            "name": "TE",
            "required": true,
            "schema": {
              "type": "string"
            }
          },
          {
            "description": "timezone",
            "in": "header",
            "name": "timezone",
            "required": true,
            "schema": {
              "type": "string"
            }
          },
          {
            "description": "user-agent",
            "in": "header",
            "name": "user-agent",
            "required": true,
            "schema": {
              "type": "string"
            }
          }
        ],
        "responses": {
          "200": {
            "content": {
              "application/json": {
                "schema": {
                  "$ref": "#/components/schemas/Threat-actor-geo-details_200_Response"
                }
              }
            },
            "description": "(Default) Description for response code 200"
          }
        }
      }
    },
    "/api/web/kpmgjs/threat-actor-top-apis-targeted": {
      "get": {
        "description": "Description: details for /api/web/kpmgjs/threat-actor-top-apis-targeted",
        "parameters": [
          {
            "description": "accept",
            "in": "header",
            "name": "accept",
            "required": true,
            "schema": {
              "type": "string"
            }
          },
          {
            "description": "accept-encoding",
            "in": "header",
            "name": "accept-encoding",
            "required": true,
            "schema": {
              "type": "string"
            }
          },
          {
            "description": "authorization",
            "in": "header",
            "name": "authorization",
            "required": true,
            "schema": {
              "type": "string"
            }
          },
          {
            "description": "content-length",
            "in": "header",
            "name": "content-length",
            "required": true,
            "schema": {
              "type": "integer"
            }
          },
          {
            "description": "host",
            "in": "header",
            "name": "host",
            "required": true,
            "schema": {
              "type": "string"
            }
          },
          {
            "description": "Referer",
            "in": "header",
            "name": "Referer",
            "required": true,
            "schema": {
              "type": "string"
            }
          },
          {
            "description": "Sec-Fetch-Dest",
            "in": "header",
            "name": "Sec-Fetch-Dest",
            "required": true,
            "schema": {
              "type": "string"
            }
          },
          {
            "description": "Sec-Fetch-Mode",
            "in": "header",
            "name": "Sec-Fetch-Mode",
            "required": true,
            "schema": {
              "type": "string"
            }
          },
          {
            "description": "Sec-Fetch-Site",
            "in": "header",
            "name": "Sec-Fetch-Site",
            "required": true,
            "schema": {
              "type": "string"
            }
          },
          {
            "description": "TE",
            "in": "header",
            "name": "TE",
            "required": true,
            "schema": {
              "type": "string"
            }
          },
          {
            "description": "timezone",
            "in": "header",
            "name": "timezone",
            "required": true,
            "schema": {
              "type": "string"
            }
          },
          {
            "description": "user-agent",
            "in": "header",
            "name": "user-agent",
            "required": true,
            "schema": {
              "type": "string"
            }
          }
        ],
        "responses": {
          "200": {
            "content": {
              "application/json": {
                "schema": {
                  "$ref": "#/components/schemas/Threat-actor-top-apis-targeted_200_Response"
                }
              }
            },
            "description": "(Default) Description for response code 200"
          }
        }
      }
    },
    "/api/web/kpmgjs/threat-actor-top-techniques": {
      "get": {
        "description": "Description: details for /api/web/kpmgjs/threat-actor-top-techniques",
        "parameters": [
          {
            "description": "accept",
            "in": "header",
            "name": "accept",
            "required": true,
            "schema": {
              "type": "string"
            }
          },
          {
            "description": "accept-encoding",
            "in": "header",
            "name": "accept-encoding",
            "required": true,
            "schema": {
              "type": "string"
            }
          },
          {
            "description": "authorization",
            "in": "header",
            "name": "authorization",
            "required": true,
            "schema": {
              "type": "string"
            }
          },
          {
            "description": "content-length",
            "in": "header",
            "name": "content-length",
            "required": true,
            "schema": {
              "type": "integer"
            }
          },
          {
            "description": "host",
            "in": "header",
            "name": "host",
            "required": true,
            "schema": {
              "type": "string"
            }
          },
          {
            "description": "Referer",
            "in": "header",
            "name": "Referer",
            "required": true,
            "schema": {
              "type": "string"
            }
          },
          {
            "description": "Sec-Fetch-Dest",
            "in": "header",
            "name": "Sec-Fetch-Dest",
            "required": true,
            "schema": {
              "type": "string"
            }
          },
          {
            "description": "Sec-Fetch-Mode",
            "in": "header",
            "name": "Sec-Fetch-Mode",
            "required": true,
            "schema": {
              "type": "string"
            }
          },
          {
            "description": "Sec-Fetch-Site",
            "in": "header",
            "name": "Sec-Fetch-Site",
            "required": true,
            "schema": {
              "type": "string"
            }
          },
          {
            "description": "TE",
            "in": "header",
            "name": "TE",
            "required": true,
            "schema": {
              "type": "string"
            }
          },
          {
            "description": "timezone",
            "in": "header",
            "name": "timezone",
            "required": true,
            "schema": {
              "type": "string"
            }
          },
          {
            "description": "user-agent",
            "in": "header",
            "name": "user-agent",
            "required": true,
            "schema": {
              "type": "string"
            }
          }
        ],
        "responses": {
          "200": {
            "content": {
              "application/json": {
                "schema": {
                  "$ref": "#/components/schemas/Threat-actor-top-techniques_200_Response"
                }
              }
            },
            "description": "(Default) Description for response code 200"
          }
        }
      }
    },
    "/api/web/kpmgjs/threat-actors-trends": {
      "get": {
        "description": "Description: details for /api/web/kpmgjs/threat-actors-trends",
        "parameters": [
          {
            "description": "accept",
            "in": "header",
            "name": "accept",
            "required": true,
            "schema": {
              "type": "string"
            }
          },
          {
            "description": "accept-encoding",
            "in": "header",
            "name": "accept-encoding",
            "required": true,
            "schema": {
              "type": "string"
            }
          },
          {
            "description": "authorization",
            "in": "header",
            "name": "authorization",
            "required": true,
            "schema": {
              "type": "string"
            }
          },
          {
            "description": "content-length",
            "in": "header",
            "name": "content-length",
            "required": true,
            "schema": {
              "type": "integer"
            }
          },
          {
            "description": "host",
            "in": "header",
            "name": "host",
            "required": true,
            "schema": {
              "type": "string"
            }
          },
          {
            "description": "Referer",
            "in": "header",
            "name": "Referer",
            "required": true,
            "schema": {
              "type": "string"
            }
          },
          {
            "description": "Sec-Fetch-Dest",
            "in": "header",
            "name": "Sec-Fetch-Dest",
            "required": true,
            "schema": {
              "type": "string"
            }
          },
          {
            "description": "Sec-Fetch-Mode",
            "in": "header",
            "name": "Sec-Fetch-Mode",
            "required": true,
            "schema": {
              "type": "string"
            }
          },
          {
            "description": "Sec-Fetch-Site",
            "in": "header",
            "name": "Sec-Fetch-Site",
            "required": true,
            "schema": {
              "type": "string"
            }
          },
          {
            "description": "TE",
            "in": "header",
            "name": "TE",
            "required": true,
            "schema": {
              "type": "string"
            }
          },
          {
            "description": "timezone",
            "in": "header",
            "name": "timezone",
            "required": true,
            "schema": {
              "type": "string"
            }
          },
          {
            "description": "user-agent",
            "in": "header",
            "name": "user-agent",
            "required": true,
            "schema": {
              "type": "string"
            }
          }
        ],
        "responses": {
          "200": {
            "content": {
              "application/json": {
                "schema": {
                  "$ref": "#/components/schemas/Threat-actors-trends_200_Response"
                }
              }
            },
            "description": "(Default) Description for response code 200"
          }
        }
      }
    }
  },
  "servers": [
    {
      "url": "cloud.appsentinels.ai"
    }
  ],
  "tags": []
}